Date,Total P2PK addresses,Total P2PK coins
01/09/2009 02:54:25,1,0
01/09/2009 02:55:44,2,0
01/09/2009 03:02:53,3,0
01/09/2009 03:16:28,4,0
01/09/2009 03:23:48,5,0
01/09/2009 03:29:49,6,0
01/09/2009 03:39:29,7,0
01/09/2009 03:45:43,8,0
01/09/2009 03:54:39,9,0
01/09/2009 04:05:52,10,0
01/09/2009 04:12:40,11,0
01/09/2009 04:21:28,12,0
01/09/2009 04:23:40,13,0
01/09/2009 04:33:09,14,0
01/10/2009 04:45:46,15,0
01/10/2009 04:45:58,16,0
01/10/2009 05:03:11,17,0
01/10/2009 05:12:14,18,0
01/10/2009 05:22:54,19,0
01/10/2009 05:39:55,20,0
01/10/2009 05:49:13,21,0
01/10/2009 06:04:27,22,0
01/10/2009 06:06:51,23,0
01/10/2009 06:17:57,24,0
01/10/2009 06:24:06,25,0
01/10/2009 06:54:10,26,0
01/10/2009 06:56:13,27,0
01/10/2009 15:30:57,28,0
01/10/2009 15:31:43,29,0
01/10/2009 15:42:02,30,0
01/10/2009 15:52:16,31,0
01/10/2009 15:59:31,32,0
01/10/2009 16:12:19,33,0
01/10/2009 16:18:58,34,0
01/10/2009 16:32:33,35,0
01/10/2009 16:43:09,36,0
01/10/2009 16:59:22,37,0
01/10/2009 17:11:28,38,0
01/10/2009 17:11:51,39,0
01/10/2009 17:23:28,40,0
01/10/2009 17:35:03,41,0
01/10/2009 17:39:13,42,0
01/10/2009 17:44:37,43,0
01/10/2009 17:59:21,44,0
01/10/2009 18:11:08,45,0
01/10/2009 18:23:13,46,0
01/10/2009 18:41:28,47,0
01/10/2009 18:45:40,48,0
01/10/2009 18:56:42,49,0
01/10/2009 19:11:38,50,0
01/10/2009 19:25:03,51,0
01/10/2009 19:39:23,52,0
01/10/2009 19:53:10,53,0
01/10/2009 19:56:26,54,0
01/10/2009 20:15:09,55,0
01/10/2009 20:20:48,56,0
01/10/2009 20:34:36,57,0
01/10/2009 20:49:24,58,0
01/10/2009 20:55:28,59,0
01/10/2009 21:12:39,60,0
01/10/2009 21:20:45,61,0
01/10/2009 21:33:44,62,0
01/10/2009 21:44:40,63,0
01/10/2009 21:48:27,64,0
01/10/2009 21:55:03,65,0
01/10/2009 22:03:40,66,0
01/10/2009 22:21:12,67,0
01/10/2009 22:30:18,68,0
01/10/2009 22:36:19,69,0
01/10/2009 22:47:26,70,0
01/10/2009 23:00:59,71,0
01/10/2009 23:13:14,72,0
01/10/2009 23:31:28,73,0
01/10/2009 23:46:29,74,0
01/10/2009 23:57:02,75,0
01/11/2009 00:09:14,76,0
01/11/2009 00:19:44,77,0
01/11/2009 01:00:54,78,0
01/11/2009 03:46:47,79,0
01/11/2009 03:54:37,80,0
01/11/2009 04:00:56,81,0
01/11/2009 04:18:11,82,0
01/11/2009 04:36:23,83,0
01/11/2009 04:51:37,84,0
01/11/2009 05:08:03,85,0
01/11/2009 05:16:26,86,0
01/11/2009 05:31:28,87,0
01/11/2009 05:40:08,88,0
01/11/2009 05:53:29,89,0
01/11/2009 05:59:10,90,0
01/11/2009 06:10:29,91,0
01/11/2009 06:16:01,92,0
01/11/2009 06:23:57,93,0
01/11/2009 06:33:01,94,0
01/11/2009 06:43:24,95,0
01/11/2009 06:59:45,96,0
01/11/2009 07:14:28,97,0
01/11/2009 07:32:13,98,0
01/11/2009 07:49:06,99,0
01/11/2009 08:00:25,100,0
01/11/2009 08:15:41,101,0
01/11/2009 08:31:10,102,0
01/11/2009 08:44:27,103,0
01/11/2009 08:53:29,104,0
01/11/2009 09:02:47,105,0
01/11/2009 09:19:25,106,0
01/11/2009 09:31:25,107,0
01/11/2009 09:47:02,108,0
01/11/2009 09:56:14,109,0
01/11/2009 10:12:19,110,0
01/11/2009 10:27:53,111,0
01/11/2009 10:35:37,112,0
01/11/2009 10:49:35,113,0
01/11/2009 11:00:19,114,0
01/11/2009 11:06:03,115,0
01/11/2009 11:15:48,116,0
01/11/2009 11:25:47,117,0
01/11/2009 11:31:24,118,0
01/11/2009 11:49:17,119,0
01/11/2009 12:07:03,120,0
01/11/2009 12:18:01,121,0
01/11/2009 12:27:53,122,0
01/11/2009 12:43:43,123,0
01/11/2009 12:51:18,124,0
01/11/2009 13:07:35,125,0
01/11/2009 13:18:19,126,0
01/11/2009 13:52:45,127,0
01/11/2009 13:54:51,128,0
01/11/2009 14:12:40,129,0
01/11/2009 14:28:45,130,0
01/11/2009 14:38:45,131,0
01/11/2009 14:43:28,132,0
01/11/2009 14:54:27,133,0
01/11/2009 15:02:01,134,0
01/11/2009 15:06:16,135,0
01/11/2009 15:14:28,136,0
01/11/2009 15:19:15,137,0
01/11/2009 15:28:13,138,0
01/11/2009 15:35:58,139,0
01/11/2009 15:59:23,140,0
01/11/2009 16:11:00,141,0
01/11/2009 16:23:58,142,0
01/11/2009 16:41:44,143,0
01/11/2009 16:59:04,144,0
01/11/2009 17:08:20,145,0
01/11/2009 17:14:35,146,0
01/11/2009 17:32:00,147,0
01/11/2009 17:38:48,148,0
01/11/2009 17:52:46,149,0
01/11/2009 18:02:24,150,0
01/11/2009 18:13:41,151,0
01/11/2009 18:25:09,152,0
01/11/2009 18:38:01,153,0
01/11/2009 18:53:28,154,0
01/11/2009 19:00:34,155,0
01/11/2009 19:09:40,156,0
01/11/2009 19:18:58,157,0
01/11/2009 19:32:37,158,0
01/11/2009 19:36:58,159,0
01/11/2009 19:51:06,160,0
01/11/2009 20:03:17,161,0
01/11/2009 20:07:44,162,0
01/11/2009 23:01:57,163,0
01/11/2009 23:09:07,164,0
01/11/2009 23:24:05,165,0
01/11/2009 23:25:29,166,0
01/11/2009 23:31:51,167,0
01/11/2009 23:39:41,168,0
01/12/2009 03:22:03,169,0
01/12/2009 03:30:25,172,0
01/12/2009 03:36:41,173,0
01/12/2009 03:44:13,174,0
01/12/2009 03:50:45,175,0
01/12/2009 04:01:01,176,0
01/12/2009 04:17:56,177,0
01/12/2009 04:39:02,178,0
01/12/2009 05:02:37,179,0
01/12/2009 05:12:11,180,0
01/12/2009 05:26:45,181,0
01/12/2009 05:50:52,182,0
01/12/2009 06:02:13,185,0
01/12/2009 06:12:16,188,0
01/12/2009 06:34:22,191,0
01/12/2009 06:49:09,192,0
01/12/2009 06:59:38,193,0
01/12/2009 07:01:09,194,0
01/12/2009 07:16:40,196,0
01/12/2009 07:22:17,197,0
01/12/2009 07:26:29,198,0
01/12/2009 07:31:41,199,0
01/12/2009 07:32:14,200,0
01/12/2009 07:59:24,201,0
01/12/2009 08:04:15,202,0
01/12/2009 08:10:44,203,0
01/12/2009 08:33:45,204,0
01/12/2009 08:47:26,205,0
01/12/2009 09:08:32,206,0
01/12/2009 09:22:41,207,0
01/12/2009 09:32:37,208,0
01/12/2009 09:38:40,209,0
01/12/2009 09:50:37,210,0
01/12/2009 10:09:04,211,0
01/12/2009 10:31:36,212,0
01/12/2009 10:37:18,213,0
01/12/2009 10:46:11,214,0
01/12/2009 10:52:57,215,0
01/12/2009 10:58:29,216,0
01/12/2009 11:09:07,217,0
01/12/2009 11:21:56,218,0
01/12/2009 11:25:13,219,0
01/12/2009 11:35:07,220,0
01/12/2009 11:46:17,221,0
01/12/2009 12:10:21,222,0
01/12/2009 12:17:42,223,0
01/12/2009 12:25:14,224,0
01/12/2009 12:49:54,225,0
01/12/2009 13:13:49,226,0
01/12/2009 13:29:26,227,0
01/12/2009 13:46:30,228,0
01/12/2009 13:57:45,229,0
01/12/2009 14:21:00,231,0
01/12/2009 14:30:53,232,0
01/12/2009 14:40:13,233,0
01/12/2009 14:48:09,234,0
01/12/2009 15:11:16,235,0
01/12/2009 15:23:14,236,0
01/12/2009 15:38:55,237,0
01/12/2009 15:45:25,238,0
01/12/2009 15:52:57,239,0
01/12/2009 16:08:51,240,0
01/12/2009 16:23:23,241,0
01/12/2009 16:34:40,242,0
01/12/2009 16:57:48,243,0
01/12/2009 17:08:14,244,0
01/12/2009 17:19:31,245,0
01/12/2009 17:25:59,246,0
01/12/2009 17:26:25,247,0
01/12/2009 17:40:35,248,0
01/12/2009 17:57:32,249,0
01/12/2009 18:04:54,250,0
01/12/2009 18:16:41,251,0
01/12/2009 18:42:53,252,0
01/12/2009 19:01:38,253,0
01/12/2009 19:12:04,254,0
01/12/2009 19:26:37,255,0
01/12/2009 19:35:10,256,0
01/12/2009 19:46:03,257,0
01/12/2009 20:04:20,260,0
01/12/2009 20:11:35,261,0
01/12/2009 20:34:16,262,0
01/12/2009 20:55:59,263,0
01/12/2009 21:18:34,264,0
01/12/2009 21:31:22,265,0
01/12/2009 21:42:41,266,0
01/12/2009 21:54:50,267,0
01/12/2009 22:07:53,268,0
01/12/2009 22:26:03,269,0
01/12/2009 22:45:49,270,0
01/12/2009 23:05:41,271,0
01/12/2009 23:25:28,272,0
01/12/2009 23:33:43,273,0
01/12/2009 23:45:47,274,0
01/13/2009 00:10:21,275,0
01/13/2009 00:19:40,276,0
01/13/2009 00:20:51,277,0
01/13/2009 00:22:50,278,0
01/13/2009 00:36:04,279,0
01/13/2009 00:38:52,280,0
01/13/2009 00:41:33,281,0
01/13/2009 01:06:18,282,0
01/13/2009 01:25:00,283,0
01/13/2009 01:37:21,284,0
01/13/2009 01:46:59,285,0
01/13/2009 01:53:42,286,0
01/13/2009 02:15:26,287,0
01/13/2009 02:19:56,288,0
01/13/2009 02:50:25,289,0
01/13/2009 03:05:25,290,0
01/13/2009 03:09:29,291,0
01/13/2009 03:25:39,292,0
01/13/2009 03:34:19,293,0
01/13/2009 03:46:35,294,0
01/13/2009 03:59:17,295,0
01/13/2009 04:15:41,296,0
01/13/2009 04:36:57,297,0
01/13/2009 04:54:58,298,0
01/13/2009 05:02:47,299,0
01/13/2009 05:14:55,300,0
01/13/2009 05:24:32,301,0
01/13/2009 05:37:26,302,0
01/13/2009 05:48:27,303,0
01/13/2009 06:03:53,304,0
01/13/2009 06:18:09,305,0
01/13/2009 06:35:41,306,0
01/13/2009 06:46:23,307,0
01/13/2009 06:54:44,308,0
01/13/2009 06:56:12,309,0
01/13/2009 07:13:11,310,0
01/13/2009 07:28:14,311,0
01/13/2009 07:40:35,312,0
01/13/2009 07:52:55,313,0
01/13/2009 08:04:21,314,0
01/13/2009 08:25:08,315,0
01/13/2009 08:34:02,316,0
01/13/2009 08:52:35,317,0
01/13/2009 09:12:26,318,0
01/13/2009 09:21:33,319,0
01/13/2009 09:37:41,320,0
01/13/2009 09:38:24,321,0
01/13/2009 09:46:42,322,0
01/13/2009 09:49:00,323,0
01/13/2009 10:05:24,324,0
01/13/2009 10:14:59,325,0
01/13/2009 10:27:24,326,0
01/13/2009 10:46:37,327,0
01/13/2009 10:57:25,328,0
01/13/2009 11:05:15,329,0
01/13/2009 11:11:41,330,0
01/13/2009 11:27:28,331,0
01/13/2009 11:30:18,332,0
01/13/2009 11:43:10,333,0
01/13/2009 11:54:29,334,0
01/13/2009 12:06:12,335,0
01/13/2009 12:23:36,336,0
01/13/2009 12:33:07,337,0
01/13/2009 12:45:12,338,0
01/13/2009 12:58:51,339,0
01/13/2009 13:05:44,340,0
01/13/2009 13:11:46,341,0
01/13/2009 13:25:08,342,0
01/13/2009 13:42:52,343,0
01/13/2009 13:50:04,344,0
01/13/2009 13:58:01,345,0
01/13/2009 14:09:41,346,0
01/13/2009 14:13:51,347,0
01/13/2009 14:24:04,348,0
01/13/2009 14:31:48,349,0
01/13/2009 14:38:48,350,0
01/13/2009 14:44:19,351,0
01/13/2009 14:57:15,352,0
01/13/2009 15:05:59,353,0
01/13/2009 15:21:08,354,0
01/13/2009 15:36:27,355,0
01/13/2009 15:45:22,356,0
01/13/2009 15:51:33,357,0
01/13/2009 15:58:19,358,0
01/13/2009 16:14:50,359,0
01/13/2009 16:28:10,360,0
01/13/2009 16:40:57,361,0
01/13/2009 16:51:18,362,0
01/13/2009 17:05:58,363,0
01/13/2009 17:14:18,364,0
01/13/2009 17:32:43,365,0
01/13/2009 17:42:29,366,0
01/13/2009 17:59:37,367,0
01/13/2009 18:17:35,368,0
01/13/2009 18:20:08,369,0
01/13/2009 18:34:31,370,0
01/13/2009 18:48:36,371,0
01/13/2009 18:49:42,372,0
01/13/2009 18:57:05,373,0
01/13/2009 19:06:50,374,0
01/13/2009 19:16:41,375,0
01/13/2009 19:32:32,376,0
01/13/2009 19:43:57,377,0
01/13/2009 19:56:49,378,0
01/13/2009 20:07:28,379,0
01/13/2009 20:26:18,380,0
01/13/2009 20:45:35,381,0
01/13/2009 20:52:57,382,0
01/13/2009 21:00:31,383,0
01/13/2009 21:03:40,384,0
01/13/2009 21:08:07,385,0
01/13/2009 21:21:08,386,0
01/13/2009 21:40:23,387,0
01/13/2009 21:59:54,388,0
01/13/2009 22:15:50,389,0
01/13/2009 22:30:47,390,0
01/13/2009 22:40:24,391,0
01/13/2009 22:49:32,392,0
01/13/2009 23:03:26,393,0
01/13/2009 23:11:59,394,0
01/13/2009 23:29:17,395,0
01/13/2009 23:42:58,396,0
01/13/2009 23:56:10,397,0
01/14/2009 00:12:46,398,0
01/14/2009 00:28:56,399,0
01/14/2009 00:40:44,400,0
01/14/2009 00:53:46,401,0
01/14/2009 01:14:14,402,0
01/14/2009 01:30:14,403,0
01/14/2009 01:37:33,404,0
01/14/2009 01:46:43,405,0
01/14/2009 01:52:50,406,0
01/14/2009 01:58:51,407,0
01/14/2009 02:05:51,408,0
01/14/2009 02:20:18,409,0
01/14/2009 02:33:35,410,0
01/14/2009 02:48:59,411,0
01/14/2009 03:02:59,412,0
01/14/2009 03:14:28,413,0
01/14/2009 03:21:23,414,0
01/14/2009 03:30:35,415,0
01/14/2009 03:43:12,416,0
01/14/2009 04:01:19,417,0
01/14/2009 04:21:23,418,0
01/14/2009 04:33:00,419,0
01/14/2009 04:39:08,420,0
01/14/2009 04:54:23,421,0
01/14/2009 05:06:17,422,0
01/14/2009 05:20:33,423,0
01/14/2009 05:28:55,424,0
01/14/2009 05:43:58,425,0
01/14/2009 05:47:38,426,0
01/14/2009 05:56:05,427,0
01/14/2009 06:02:22,428,0
01/14/2009 06:14:18,429,0
01/14/2009 06:20:25,430,0
01/14/2009 06:22:48,431,0
01/14/2009 06:36:34,432,0
01/14/2009 06:43:35,433,0
01/14/2009 06:50:40,434,0
01/14/2009 07:02:13,435,0
01/14/2009 07:21:43,436,0
01/14/2009 07:27:45,437,0
01/14/2009 07:44:52,438,0
01/14/2009 08:05:54,439,0
01/14/2009 08:15:24,440,0
01/14/2009 08:34:01,441,0
01/14/2009 08:47:32,442,0
01/14/2009 08:52:21,443,0
01/14/2009 08:54:37,444,0
01/14/2009 09:10:58,445,0
01/14/2009 09:13:14,446,0
01/14/2009 09:28:18,447,0
01/14/2009 09:44:07,448,0
01/14/2009 10:01:40,449,0
01/14/2009 10:09:42,450,0
01/14/2009 10:25:40,451,0
01/14/2009 10:26:16,452,0
01/14/2009 10:42:25,453,0
01/14/2009 10:53:55,454,0
01/14/2009 11:01:02,455,0
01/14/2009 11:12:29,456,0
01/14/2009 11:20:01,457,0
01/14/2009 11:35:21,458,0
01/14/2009 11:47:46,459,0
01/14/2009 12:01:53,460,0
01/14/2009 12:11:59,461,0
01/14/2009 12:27:10,462,0
01/14/2009 12:34:45,463,0
01/14/2009 12:50:05,464,0
01/14/2009 13:07:39,465,0
01/14/2009 13:25:25,466,0
01/14/2009 13:36:09,467,0
01/14/2009 13:50:22,468,0
01/14/2009 14:09:47,469,0
01/14/2009 14:18:46,470,0
01/14/2009 14:27:54,471,0
01/14/2009 14:33:51,472,0
01/14/2009 14:37:56,473,0
01/14/2009 14:43:54,474,0
01/14/2009 14:49:22,475,0
01/14/2009 14:50:40,476,0
01/14/2009 14:56:08,477,0
01/14/2009 15:08:45,478,0
01/14/2009 15:14:52,479,0
01/14/2009 15:33:33,480,0
01/14/2009 15:48:12,481,0
01/14/2009 15:57:17,482,0
01/14/2009 16:13:16,483,0
01/14/2009 16:23:52,484,0
01/14/2009 16:24:32,485,0
01/14/2009 16:34:01,486,0
01/14/2009 16:41:50,487,0
01/14/2009 16:55:08,488,0
01/14/2009 17:12:37,489,0
01/14/2009 17:19:05,490,0
01/14/2009 17:39:37,491,0
01/14/2009 17:48:25,492,0
01/14/2009 18:09:48,493,0
01/14/2009 18:17:26,494,0
01/14/2009 18:35:31,495,0
01/14/2009 18:48:12,496,0
01/14/2009 18:49:55,497,0
01/14/2009 18:56:06,498,0
01/14/2009 19:06:23,499,0
01/14/2009 19:24:50,500,0
01/14/2009 19:43:07,501,0
01/14/2009 19:44:58,502,0
01/14/2009 19:51:06,503,0
01/14/2009 19:56:46,504,0
01/14/2009 19:58:23,505,0
01/14/2009 20:05:03,506,0
01/14/2009 20:23:16,507,0
01/14/2009 20:40:55,509,0
01/14/2009 20:51:56,510,0
01/14/2009 21:02:56,511,0
01/14/2009 21:14:40,512,0
01/14/2009 21:27:29,513,0
01/14/2009 21:38:31,514,0
01/14/2009 21:46:15,515,0
01/14/2009 22:04:53,516,0
01/14/2009 22:23:08,517,0
01/14/2009 22:40:58,518,0
01/14/2009 22:53:29,519,0
01/14/2009 22:54:16,520,0
01/14/2009 23:12:04,521,0
01/14/2009 23:18:32,522,0
01/14/2009 23:19:29,523,0
01/14/2009 23:25:47,524,0
01/14/2009 23:29:10,525,0
01/14/2009 23:42:27,526,0
01/14/2009 23:51:12,527,0
01/15/2009 00:10:02,528,0
01/15/2009 00:26:30,529,0
01/15/2009 00:32:39,530,0
01/15/2009 00:51:19,531,0
01/15/2009 01:10:16,532,0
01/15/2009 01:19:19,533,0
01/15/2009 01:24:05,534,0
01/15/2009 01:30:47,535,0
01/15/2009 01:38:33,536,0
01/15/2009 01:46:26,539,0
01/15/2009 02:03:16,540,0
01/15/2009 02:14:05,541,0
01/15/2009 02:21:19,542,0
01/15/2009 02:35:58,543,0
01/15/2009 02:37:08,544,0
01/15/2009 02:55:41,545,0
01/15/2009 03:10:40,546,0
01/15/2009 03:16:38,547,0
01/15/2009 03:24:12,548,0
01/15/2009 03:44:51,549,0
01/15/2009 03:55:24,550,0
01/15/2009 04:09:06,551,0
01/15/2009 04:15:12,552,0
01/15/2009 04:32:34,553,0
01/15/2009 04:46:34,554,0
01/15/2009 04:55:28,555,0
01/15/2009 05:02:27,556,0
01/15/2009 05:04:20,557,0
01/15/2009 05:17:32,558,0
01/15/2009 05:29:09,559,0
01/15/2009 05:48:32,562,0
01/15/2009 06:08:20,561,0
01/15/2009 06:18:50,562,0
01/15/2009 06:31:27,563,0
01/15/2009 06:50:35,564,0
01/15/2009 06:56:21,565,0
01/15/2009 07:10:53,566,0
01/15/2009 07:22:02,567,0
01/15/2009 07:44:22,568,0
01/15/2009 07:59:45,569,0
01/15/2009 08:11:59,570,0
01/15/2009 08:28:44,571,0
01/15/2009 08:37:02,572,0
01/15/2009 08:48:12,573,0
01/15/2009 09:04:40,574,0
01/15/2009 09:14:34,575,0
01/15/2009 09:32:35,576,0
01/15/2009 09:35:46,577,0
01/15/2009 09:40:02,578,0
01/15/2009 09:41:00,579,0
01/15/2009 09:59:20,580,0
01/15/2009 10:16:35,581,0
01/15/2009 10:21:46,582,0
01/15/2009 10:30:50,583,0
01/15/2009 10:36:02,584,0
01/15/2009 10:50:48,585,0
01/15/2009 10:57:14,586,0
01/15/2009 11:16:57,587,0
01/15/2009 11:26:21,588,0
01/15/2009 11:32:24,589,0
01/15/2009 11:49:31,590,0
01/15/2009 11:51:43,591,0
01/15/2009 12:12:45,592,0
01/15/2009 12:28:41,593,0
01/15/2009 12:41:58,594,0
01/15/2009 12:53:37,595,0
01/15/2009 13:02:41,596,0
01/15/2009 13:16:14,597,0
01/15/2009 13:34:05,598,0
01/15/2009 13:52:46,599,0
01/15/2009 14:06:45,600,0
01/15/2009 14:25:20,602,0
01/15/2009 14:39:14,603,0
01/15/2009 14:54:25,604,0
01/15/2009 15:13:36,605,0
01/15/2009 15:22:11,606,0
01/15/2009 15:33:42,607,0
01/15/2009 15:37:38,608,0
01/15/2009 15:51:56,611,0
01/15/2009 16:04:23,612,0
01/15/2009 16:18:44,613,0
01/15/2009 16:21:40,614,0
01/15/2009 16:26:30,615,0
01/15/2009 16:32:01,616,0
01/15/2009 16:47:10,617,0
01/15/2009 16:59:07,618,0
01/15/2009 17:07:27,619,0
01/15/2009 17:25:12,620,0
01/15/2009 17:41:54,621,0
01/15/2009 17:42:24,622,0
01/15/2009 17:48:40,623,0
01/15/2009 17:57:20,624,0
01/15/2009 17:59:53,625,0
01/15/2009 18:10:26,626,0
01/15/2009 18:15:49,627,0
01/15/2009 18:27:19,628,0
01/15/2009 18:36:34,629,0
01/15/2009 18:48:33,630,0
01/15/2009 18:49:32,631,0
01/15/2009 18:51:44,632,0
01/15/2009 19:04:50,633,0
01/15/2009 19:13:59,634,0
01/15/2009 19:23:38,635,0
01/15/2009 19:39:17,636,0
01/15/2009 19:52:19,637,0
01/15/2009 20:09:00,638,0
01/15/2009 20:15:37,639,0
01/15/2009 20:23:21,640,0
01/15/2009 20:36:37,641,0
01/15/2009 20:51:37,642,0
01/15/2009 20:52:42,643,0
01/15/2009 21:01:01,644,0
01/15/2009 21:16:14,645,0
01/15/2009 21:29:59,646,0
01/15/2009 21:41:43,647,0
01/15/2009 21:54:38,648,0
01/15/2009 22:07:30,649,0
01/15/2009 22:17:15,650,0
01/15/2009 22:23:36,651,0
01/15/2009 22:26:47,652,0
01/15/2009 22:39:31,653,0
01/15/2009 22:57:28,654,0
01/15/2009 23:07:45,655,0
01/15/2009 23:17:42,656,0
01/15/2009 23:31:17,657,0
01/15/2009 23:44:04,658,0
01/16/2009 00:00:28,659,0
01/16/2009 00:08:07,660,0
01/16/2009 00:16:25,661,0
01/16/2009 00:21:51,662,0
01/16/2009 00:27:28,663,0
01/16/2009 00:35:37,664,0
01/16/2009 00:43:48,665,0
01/16/2009 01:03:36,666,0
01/16/2009 01:17:14,667,0
01/16/2009 01:30:43,668,0
01/16/2009 01:46:46,669,0
01/16/2009 01:48:00,670,0
01/16/2009 01:54:40,671,0
01/16/2009 02:09:21,672,0
01/16/2009 02:14:53,673,0
01/16/2009 02:26:52,674,0
01/16/2009 02:43:35,675,0
01/16/2009 02:44:53,676,0
01/16/2009 02:49:07,677,0
01/16/2009 02:57:53,678,0
01/16/2009 03:09:20,679,0
01/16/2009 03:35:11,680,0
01/16/2009 03:52:45,681,0
01/16/2009 03:59:56,682,0
01/16/2009 04:00:58,683,0
01/16/2009 04:10:36,684,0
01/16/2009 04:19:58,685,0
01/16/2009 04:36:51,686,0
01/16/2009 04:52:22,687,0
01/16/2009 05:21:01,688,0
01/16/2009 05:42:46,689,0
01/16/2009 06:01:43,690,0
01/16/2009 06:10:16,691,0
01/16/2009 06:25:15,692,0
01/16/2009 06:45:11,693,0
01/16/2009 07:07:40,694,0
01/16/2009 07:20:47,695,0
01/16/2009 07:35:28,696,0
01/16/2009 07:50:25,697,0
01/16/2009 07:57:30,698,0
01/16/2009 08:07:53,699,0
01/16/2009 08:22:35,700,0
01/16/2009 08:43:50,701,0
01/16/2009 09:08:05,702,0
01/16/2009 09:10:41,703,0
01/16/2009 09:32:09,704,0
01/16/2009 09:33:06,705,0
01/16/2009 09:40:02,706,0
01/16/2009 09:51:42,707,0
01/16/2009 10:04:26,708,0
01/16/2009 10:13:23,709,0
01/16/2009 10:32:52,710,0
01/16/2009 10:55:20,711,0
01/16/2009 11:06:30,712,0
01/16/2009 11:18:49,713,0
01/16/2009 11:41:54,714,0
01/16/2009 12:01:28,715,0
01/16/2009 12:10:13,716,0
01/16/2009 12:14:24,717,0
01/16/2009 12:24:48,718,0
01/16/2009 12:44:24,719,0
01/16/2009 12:47:53,720,0
01/16/2009 12:51:20,721,0
01/16/2009 13:05:52,722,0
01/16/2009 13:16:20,723,0
01/16/2009 13:29:26,724,0
01/16/2009 13:51:46,726,0
01/16/2009 13:53:57,727,0
01/16/2009 14:13:36,728,0
01/16/2009 14:38:47,729,0
01/16/2009 15:02:59,730,0
01/16/2009 15:21:26,731,0
01/16/2009 15:22:21,732,0
01/16/2009 15:31:57,733,0
01/16/2009 15:49:11,734,0
01/16/2009 16:09:21,735,0
01/16/2009 16:18:56,736,0
01/16/2009 16:42:44,737,0
01/16/2009 17:03:52,738,0
01/16/2009 17:07:13,739,0
01/16/2009 17:18:46,740,0
01/16/2009 17:34:18,741,0
01/16/2009 17:58:37,742,0
01/16/2009 18:13:22,743,0
01/16/2009 18:37:13,744,0
01/16/2009 18:57:30,745,0
01/16/2009 19:01:55,746,0
01/16/2009 19:18:35,747,0
01/16/2009 19:19:18,748,0
01/16/2009 19:34:09,749,0
01/16/2009 19:41:45,750,0
01/16/2009 19:59:29,751,0
01/16/2009 20:09:07,752,0
01/16/2009 20:24:04,753,0
01/16/2009 20:42:26,754,0
01/16/2009 20:53:24,755,0
01/16/2009 21:02:07,756,0
01/16/2009 21:12:46,757,0
01/16/2009 21:24:14,758,0
01/16/2009 21:39:20,759,0
01/16/2009 21:41:59,760,0
01/16/2009 22:01:48,761,0
01/16/2009 22:29:11,762,0
01/16/2009 22:54:20,763,0
01/16/2009 23:07:45,764,0
01/16/2009 23:33:00,765,0
01/16/2009 23:54:01,766,0
01/16/2009 23:55:02,767,0
01/17/2009 00:12:26,768,0
01/17/2009 00:32:23,769,0
01/17/2009 00:41:50,770,0
01/17/2009 00:47:05,771,0
01/17/2009 00:57:44,772,0
01/17/2009 01:10:34,773,0
01/17/2009 01:28:39,774,0
01/17/2009 01:42:19,775,0
01/17/2009 01:45:39,776,0
01/17/2009 01:53:41,777,0
01/17/2009 02:09:30,778,0
01/17/2009 02:20:40,779,0
01/17/2009 02:30:37,780,0
01/17/2009 02:51:38,781,0
01/17/2009 03:09:04,782,0
01/17/2009 03:17:56,783,0
01/17/2009 03:32:46,784,0
01/17/2009 03:50:42,785,0
01/17/2009 03:51:19,786,0
01/17/2009 04:14:37,787,0
01/17/2009 04:36:17,788,0
01/17/2009 04:55:40,789,0
01/17/2009 05:01:53,790,0
01/17/2009 05:03:56,791,0
01/17/2009 05:15:03,792,0
01/17/2009 05:21:36,793,0
01/17/2009 05:44:20,794,0
01/17/2009 05:57:45,795,0
01/17/2009 05:59:08,796,0
01/17/2009 06:08:55,797,0
01/17/2009 06:29:01,798,0
01/17/2009 06:49:24,799,0
01/17/2009 07:03:43,800,0
01/17/2009 07:24:52,801,0
01/17/2009 07:29:24,802,0
01/17/2009 07:56:43,803,0
01/17/2009 08:18:02,804,0
01/17/2009 08:20:28,805,0
01/17/2009 08:27:59,806,0
01/17/2009 08:28:16,807,0
01/17/2009 08:35:34,808,0
01/17/2009 08:48:03,809,0
01/17/2009 09:13:55,810,0
01/17/2009 09:35:50,811,0
01/17/2009 09:58:14,812,0
01/17/2009 10:20:25,813,0
01/17/2009 10:36:19,814,0
01/17/2009 10:47:03,815,0
01/17/2009 11:11:39,816,0
01/17/2009 11:37:14,817,0
01/17/2009 12:01:14,818,0
01/17/2009 12:18:25,819,0
01/17/2009 12:30:40,820,0
01/17/2009 12:37:35,821,0
01/17/2009 12:41:06,822,0
01/17/2009 12:43:42,823,0
01/17/2009 12:50:37,824,0
01/17/2009 13:13:48,825,0
01/17/2009 13:24:12,826,0
01/17/2009 13:37:30,827,0
01/17/2009 13:46:32,828,0
01/17/2009 13:53:10,829,0
01/17/2009 14:10:04,830,0
01/17/2009 14:16:32,831,0
01/17/2009 14:19:37,832,0
01/17/2009 14:33:19,833,0
01/17/2009 14:38:43,834,0
01/17/2009 15:03:11,835,0
01/17/2009 15:25:57,836,0
01/17/2009 15:34:27,837,0
01/17/2009 15:38:22,838,0
01/17/2009 15:56:28,839,0
01/17/2009 16:04:01,840,0
01/17/2009 16:08:04,841,0
01/17/2009 16:33:00,842,0
01/17/2009 16:45:34,843,0
01/17/2009 16:50:36,844,0
01/17/2009 17:00:05,845,0
01/17/2009 17:15:51,846,0
01/17/2009 17:23:49,847,0
01/17/2009 17:26:34,848,0
01/17/2009 17:32:34,849,0
01/17/2009 17:50:34,850,0
01/17/2009 18:05:45,851,0
01/17/2009 18:21:41,852,0
01/17/2009 18:38:28,853,0
01/17/2009 18:59:07,854,0
01/17/2009 19:12:14,855,0
01/17/2009 19:19:13,856,0
01/17/2009 19:29:11,857,0
01/17/2009 19:39:06,858,0
01/17/2009 20:03:56,859,0
01/17/2009 20:18:12,860,0
01/17/2009 20:25:30,861,0
01/17/2009 20:28:43,862,0
01/17/2009 20:35:37,863,0
01/17/2009 20:37:23,864,0
01/17/2009 20:54:45,865,0
01/17/2009 21:13:01,866,0
01/17/2009 21:27:09,867,0
01/17/2009 21:44:55,868,0
01/17/2009 22:04:51,869,0
01/17/2009 22:09:16,870,0
01/17/2009 22:16:42,871,0
01/17/2009 22:35:01,872,0
01/17/2009 23:02:35,873,0
01/17/2009 23:23:15,874,0
01/17/2009 23:43:41,875,0
01/17/2009 23:57:10,876,0
01/18/2009 00:10:14,877,0
01/18/2009 00:22:52,878,0
01/18/2009 00:45:16,879,0
01/18/2009 01:00:18,880,0
01/18/2009 01:12:31,881,0
01/18/2009 01:33:15,882,0
01/18/2009 01:51:12,883,0
01/18/2009 01:57:53,884,0
01/18/2009 02:10:58,885,0
01/18/2009 02:16:31,886,0
01/18/2009 02:36:50,887,0
01/18/2009 02:53:49,888,0
01/18/2009 02:57:57,889,0
01/18/2009 03:24:38,890,0
01/18/2009 03:40:05,891,0
01/18/2009 03:52:22,892,0
01/18/2009 04:17:34,893,0
01/18/2009 04:24:23,894,0
01/18/2009 04:44:10,895,0
01/18/2009 04:59:11,896,0
01/18/2009 05:22:39,897,0
01/18/2009 05:40:24,898,0
01/18/2009 06:00:41,899,0
01/18/2009 06:11:41,900,0
01/18/2009 06:31:41,901,0
01/18/2009 06:50:25,902,0
01/18/2009 06:56:39,903,0
01/18/2009 07:05:59,904,0
01/18/2009 07:11:59,905,0
01/18/2009 07:15:26,906,0
01/18/2009 07:23:21,907,0
01/18/2009 07:49:02,908,0
01/18/2009 08:08:46,909,0
01/18/2009 08:25:05,910,0
01/18/2009 08:41:16,911,0
01/18/2009 09:00:31,912,0
01/18/2009 09:15:18,913,0
01/18/2009 09:38:16,914,0
01/18/2009 10:02:10,915,0
01/18/2009 10:11:13,916,0
01/18/2009 10:23:25,917,0
01/18/2009 10:41:51,918,0
01/18/2009 10:48:49,919,0
01/18/2009 11:13:00,920,0
01/18/2009 11:29:53,921,0
01/18/2009 11:51:03,922,0
01/18/2009 12:02:25,923,0
01/18/2009 12:07:39,924,0
01/18/2009 12:26:25,925,0
01/18/2009 12:27:01,926,0
01/18/2009 12:33:45,927,0
01/18/2009 12:47:30,928,0
01/18/2009 13:09:44,929,0
01/18/2009 13:24:36,930,0
01/18/2009 13:46:46,931,0
01/18/2009 13:54:52,932,0
01/18/2009 14:09:10,933,0
01/18/2009 14:23:49,934,0
01/18/2009 14:24:34,935,0
01/18/2009 14:41:51,936,0
01/18/2009 14:51:10,937,0
01/18/2009 15:02:04,938,0
01/18/2009 15:10:13,939,0
01/18/2009 15:23:51,940,0
01/18/2009 15:42:28,941,0
01/18/2009 15:54:56,942,0
01/18/2009 16:04:47,943,0
01/18/2009 16:17:10,944,0
01/18/2009 16:34:50,945,0
01/18/2009 16:42:17,946,0
01/18/2009 17:00:30,947,0
01/18/2009 17:10:50,948,0
01/18/2009 17:29:58,949,0
01/18/2009 17:53:28,950,0
01/18/2009 17:59:53,951,0
01/18/2009 18:09:00,952,0
01/18/2009 18:24:34,953,0
01/18/2009 18:26:50,954,0
01/18/2009 18:33:56,955,0
01/18/2009 18:51:08,956,0
01/18/2009 19:16:14,957,0
01/18/2009 19:24:46,958,0
01/18/2009 19:27:33,959,0
01/18/2009 19:33:09,960,0
01/18/2009 19:45:44,961,0
01/18/2009 20:02:59,963,0
01/18/2009 20:11:41,964,0
01/18/2009 20:13:57,965,0
01/18/2009 20:17:55,966,0
01/18/2009 20:38:52,967,0
01/18/2009 20:54:24,968,0
01/18/2009 21:01:14,969,0
01/18/2009 21:12:28,970,0
01/18/2009 21:24:51,971,0
01/18/2009 21:46:55,972,0
01/18/2009 21:56:16,973,0
01/18/2009 22:04:21,974,0
01/18/2009 22:07:17,975,0
01/18/2009 22:15:57,976,0
01/18/2009 22:26:20,977,0
01/18/2009 22:30:18,978,0
01/18/2009 22:33:44,979,0
01/18/2009 22:51:02,980,0
01/18/2009 23:05:10,981,0
01/18/2009 23:30:08,982,0
01/18/2009 23:37:49,983,0
01/18/2009 23:53:20,984,0
01/19/2009 00:01:15,985,0
01/19/2009 00:08:23,986,0
01/19/2009 00:11:09,987,0
01/19/2009 00:32:45,988,0
01/19/2009 00:43:41,989,0
01/19/2009 01:00:40,990,0
01/19/2009 01:07:10,991,0
01/19/2009 01:25:52,992,0
01/19/2009 01:36:50,993,0
01/19/2009 01:45:29,994,0
01/19/2009 01:56:48,995,0
01/19/2009 02:10:30,996,0
01/19/2009 02:35:53,997,0
01/19/2009 02:48:45,998,0
01/19/2009 03:01:18,999,0
01/19/2009 03:14:27,1000,0
01/19/2009 03:28:53,1001,0
01/19/2009 03:49:51,1002,0
01/19/2009 04:11:17,1003,0
01/19/2009 04:20:44,1004,0
01/19/2009 04:26:12,1005,0
01/19/2009 04:31:41,1006,0
01/19/2009 04:46:52,1007,0
01/19/2009 04:50:45,1008,0
01/19/2009 05:11:23,1009,0
01/19/2009 05:23:39,1010,0
01/19/2009 05:36:23,1011,0
01/19/2009 05:45:56,1012,0
01/19/2009 05:50:27,1013,0
01/19/2009 05:54:49,1014,0
01/19/2009 06:00:31,1015,0
01/19/2009 06:05:50,1016,0
01/19/2009 06:10:00,1017,0
01/19/2009 06:18:01,1018,0
01/19/2009 06:27:23,1019,0